/*
 Navicat Premium Data Transfer

 Source Server         : localhost
 Source Server Type    : MySQL
 Source Server Version : 100129
 Source Host           : 127.0.0.1:3306
 Source Schema         : akunade

 Target Server Type    : MySQL
 Target Server Version : 100129
 File Encoding         : 65001

 Date: 02/07/2019 10:26:32
*/

SET NAMES utf8mb4;
SET FOREIGN_KEY_CHECKS = 0;

-- ----------------------------
-- Table structure for tb_cabang
-- ----------------------------
DROP TABLE IF EXISTS `tb_cabang`;
CREATE TABLE `tb_cabang`  (
  `cab_id` bigint(20) UNSIGNED NOT NULL AUTO_INCREMENT,
  `user_id` bigint(20) UNSIGNED NULL DEFAULT NULL,
  `cab_status` tinyint(4) NULL DEFAULT 1,
  `cab_date` datetime(0) NULL DEFAULT CURRENT_TIMESTAMP,
  PRIMARY KEY (`cab_id`) USING BTREE
) ENGINE = InnoDB AUTO_INCREMENT = 17 CHARACTER SET = utf8 COLLATE = utf8_bin ROW_FORMAT = Compact;

-- ----------------------------
-- Records of tb_cabang
-- ----------------------------
INSERT INTO `tb_cabang` VALUES (12, 126, 0, '2018-07-31 12:09:32');
INSERT INTO `tb_cabang` VALUES (13, 127, 0, '2018-07-31 12:25:45');
INSERT INTO `tb_cabang` VALUES (14, 128, 0, '2018-07-31 15:06:52');
INSERT INTO `tb_cabang` VALUES (15, 129, 0, '2018-07-31 15:07:19');
INSERT INTO `tb_cabang` VALUES (16, 130, 1, '2018-07-31 15:13:44');

-- ----------------------------
-- Table structure for tb_log
-- ----------------------------
DROP TABLE IF EXISTS `tb_log`;
CREATE TABLE `tb_log`  (
  `log_id` bigint(20) UNSIGNED NOT NULL AUTO_INCREMENT,
  `user_id` bigint(20) NULL DEFAULT NULL,
  `log_ip` varchar(255) CHARACTER SET utf8 COLLATE utf8_bin NULL DEFAULT NULL,
  `log_status` tinyint(4) NULL DEFAULT 1,
  `log_date` datetime(0) NULL DEFAULT CURRENT_TIMESTAMP,
  `log_level` tinyint(4) NULL DEFAULT 1,
  PRIMARY KEY (`log_id`) USING BTREE
) ENGINE = InnoDB AUTO_INCREMENT = 7 CHARACTER SET = utf8 COLLATE = utf8_bin ROW_FORMAT = Compact;

-- ----------------------------
-- Records of tb_log
-- ----------------------------
INSERT INTO `tb_log` VALUES (2, 1, '::1', 1, '2018-08-29 11:07:20', 99);
INSERT INTO `tb_log` VALUES (3, 130, '::1', 1, '2018-08-29 03:18:50', 55);
INSERT INTO `tb_log` VALUES (4, 8, '::1', 1, '2018-08-01 04:33:23', 1);
INSERT INTO `tb_log` VALUES (5, 39, '::1', 1, '2018-08-01 09:36:30', 1);
INSERT INTO `tb_log` VALUES (6, 140, '::1', 1, '2018-08-29 10:49:17', 1);

-- ----------------------------
-- Table structure for tb_tagihan
-- ----------------------------
DROP TABLE IF EXISTS `tb_tagihan`;
CREATE TABLE `tb_tagihan`  (
  `tg_id` bigint(20) UNSIGNED NOT NULL AUTO_INCREMENT,
  `tg_kode` varchar(255) CHARACTER SET utf8 COLLATE utf8_bin NULL DEFAULT NULL,
  `tg_date` datetime(0) NULL DEFAULT CURRENT_TIMESTAMP,
  `tg_month` date NULL DEFAULT NULL,
  `user_id` bigint(20) UNSIGNED NULL DEFAULT NULL,
  `tg_status` tinyint(1) NULL DEFAULT 1,
  `tg_paid` tinyint(1) NULL DEFAULT 0,
  `tg_paid_date` datetime(0) NULL DEFAULT NULL,
  `tg_ammount` int(11) NULL DEFAULT NULL,
  `tg_paid_by` bigint(20) UNSIGNED NULL DEFAULT NULL,
  `tg_print` tinyint(4) NULL DEFAULT 0,
  `tg_print_date` date NULL DEFAULT NULL,
  PRIMARY KEY (`tg_id`) USING BTREE,
  INDEX `user_id`(`user_id`) USING BTREE
) ENGINE = InnoDB AUTO_INCREMENT = 199 CHARACTER SET = utf8 COLLATE = utf8_bin ROW_FORMAT = Compact;

-- ----------------------------
-- Records of tb_tagihan
-- ----------------------------
INSERT INTO `tb_tagihan` VALUES (13, '080518-001', '2018-05-08 07:45:14', '2018-01-01', 2, 1, 1, '2018-06-26 00:00:00', 1312301, NULL, 0, NULL);
INSERT INTO `tb_tagihan` VALUES (14, '140518-001', '2018-05-14 10:18:00', '2018-02-01', 2, 1, 1, '2018-06-26 00:00:00', 12340, NULL, 0, NULL);
INSERT INTO `tb_tagihan` VALUES (15, '140518-002', '2018-05-14 10:25:55', '2018-05-01', 2, 1, 0, NULL, 1232130, NULL, 0, NULL);
INSERT INTO `tb_tagihan` VALUES (16, '260618-001', '2018-06-26 23:41:50', '2018-06-01', 2, 1, 0, NULL, 0, NULL, 0, NULL);
INSERT INTO `tb_tagihan` VALUES (17, '270618-001', '2018-06-27 00:33:08', '2018-06-01', 7, 1, 1, '2018-06-27 00:00:00', 400000, NULL, 0, NULL);
INSERT INTO `tb_tagihan` VALUES (18, '270618-002', '2018-06-27 05:00:28', '2018-07-01', 7, 1, 1, '2018-06-27 00:00:00', 400000, NULL, 0, NULL);
INSERT INTO `tb_tagihan` VALUES (19, '270618-003', '2018-06-27 05:03:03', '2018-01-01', 7, 1, 1, '2018-07-10 00:00:00', 400000, NULL, 0, NULL);
INSERT INTO `tb_tagihan` VALUES (20, '270618-004', '2018-06-27 05:03:15', '2018-02-01', 7, 1, 1, '2018-07-17 00:00:00', 400000, NULL, 0, NULL);
INSERT INTO `tb_tagihan` VALUES (21, '270618-005', '2018-06-27 05:03:26', '2018-03-01', 7, 1, 1, '2018-07-17 00:00:00', 400000, NULL, 0, NULL);
INSERT INTO `tb_tagihan` VALUES (22, '270618-006', '2018-06-27 05:03:38', '2018-04-01', 7, 1, 1, '2018-07-18 00:00:00', 400000, NULL, 0, NULL);
INSERT INTO `tb_tagihan` VALUES (23, '270618-007', '2018-06-27 05:03:54', '2018-05-01', 7, 1, 1, '2018-07-18 00:00:00', 400000, NULL, 0, NULL);
INSERT INTO `tb_tagihan` VALUES (24, '270618-008', '2018-06-27 05:06:17', '2018-06-01', 8, 1, 0, NULL, 150000, NULL, 0, NULL);
INSERT INTO `tb_tagihan` VALUES (25, '100718-001', '2018-07-10 00:16:35', '2018-07-01', 9, 1, 1, '2018-07-10 00:00:00', 200000, NULL, 0, NULL);
INSERT INTO `tb_tagihan` VALUES (26, '100718-002', '2018-07-10 00:41:22', '2018-06-01', 10, 1, 0, NULL, 100000, NULL, 0, NULL);
INSERT INTO `tb_tagihan` VALUES (27, '100718-003', '2018-07-10 00:41:53', '2018-05-01', 11, 1, 0, NULL, 150000, NULL, 0, NULL);
INSERT INTO `tb_tagihan` VALUES (28, '100718-004', '2018-07-10 00:42:05', '2018-06-01', 11, 1, 0, NULL, 150000, NULL, 0, NULL);
INSERT INTO `tb_tagihan` VALUES (29, '100718-005', '2018-07-10 00:43:34', '2018-06-01', 12, 1, 0, NULL, 50000, NULL, 0, NULL);
INSERT INTO `tb_tagihan` VALUES (30, '100718-006', '2018-07-10 00:44:57', '2018-06-01', 13, 1, 1, '2018-07-22 00:00:00', 400000, NULL, 0, NULL);
INSERT INTO `tb_tagihan` VALUES (31, '100718-007', '2018-07-10 00:45:15', '2018-07-01', 13, 1, 1, '2018-07-22 00:00:00', 400000, NULL, 0, NULL);
INSERT INTO `tb_tagihan` VALUES (32, '100718-008', '2018-07-10 00:51:04', '2018-06-01', 14, 1, 1, '2018-07-18 00:00:00', 100000, NULL, 0, NULL);
INSERT INTO `tb_tagihan` VALUES (33, '100718-009', '2018-07-10 00:52:25', '2018-06-01', 15, 1, 1, '2018-07-18 00:00:00', 50000, NULL, 0, NULL);
INSERT INTO `tb_tagihan` VALUES (34, '100718-010', '2018-07-10 00:54:09', '2018-06-01', 16, 1, 0, NULL, 100000, NULL, 0, NULL);
INSERT INTO `tb_tagihan` VALUES (35, '100718-011', '2018-07-10 00:54:42', '2018-01-01', 16, 0, 0, NULL, 0, NULL, 0, NULL);
INSERT INTO `tb_tagihan` VALUES (36, '100718-011', '2018-07-10 00:56:26', '2018-06-01', 17, 1, 1, '2018-07-10 00:00:00', 300000, NULL, 0, NULL);
INSERT INTO `tb_tagihan` VALUES (37, '100718-012', '2018-07-10 00:57:32', '2018-07-01', 18, 1, 1, '2018-07-18 00:00:00', 200000, NULL, 0, NULL);
INSERT INTO `tb_tagihan` VALUES (38, '100718-013', '2018-07-10 01:00:59', '2018-07-01', 19, 1, 1, '2018-07-18 00:00:00', 150000, NULL, 0, NULL);
INSERT INTO `tb_tagihan` VALUES (39, '100718-014', '2018-07-10 01:02:24', '2018-07-01', 20, 1, 1, '2018-07-18 00:00:00', 100000, NULL, 0, NULL);
INSERT INTO `tb_tagihan` VALUES (40, '100718-015', '2018-07-10 01:04:19', '2018-07-01', 21, 1, 1, '2018-07-10 00:00:00', 150000, NULL, 0, NULL);
INSERT INTO `tb_tagihan` VALUES (41, '100718-016', '2018-07-10 06:06:55', '2018-07-01', 22, 1, 1, '2018-07-18 00:00:00', 200000, NULL, 0, NULL);
INSERT INTO `tb_tagihan` VALUES (42, '100718-017', '2018-07-10 06:09:00', '2018-07-01', 23, 1, 1, '2018-07-24 00:00:00', 100000, NULL, 0, NULL);
INSERT INTO `tb_tagihan` VALUES (43, '100718-018', '2018-07-10 06:11:59', '2018-04-01', 25, 1, 0, NULL, 100000, NULL, 0, NULL);
INSERT INTO `tb_tagihan` VALUES (44, '100718-019', '2018-07-10 06:12:12', '2018-05-01', 25, 1, 0, NULL, 100000, NULL, 0, NULL);
INSERT INTO `tb_tagihan` VALUES (45, '100718-020', '2018-07-10 06:12:22', '2018-06-01', 25, 1, 0, NULL, 100000, NULL, 0, NULL);
INSERT INTO `tb_tagihan` VALUES (46, '100718-021', '2018-07-10 06:12:43', '2018-07-01', 25, 1, 0, NULL, 100000, NULL, 0, NULL);
INSERT INTO `tb_tagihan` VALUES (47, '100718-022', '2018-07-10 06:13:49', '2018-06-01', 26, 1, 1, '2018-07-18 00:00:00', 50000, NULL, 0, NULL);
INSERT INTO `tb_tagihan` VALUES (48, '100718-023', '2018-07-10 06:14:01', '2018-07-01', 26, 1, 1, '2018-07-18 00:00:00', 50000, NULL, 0, NULL);
INSERT INTO `tb_tagihan` VALUES (49, '100718-024', '2018-07-10 06:16:13', '2018-05-01', 27, 1, 1, '2018-07-18 00:00:00', 50000, NULL, 0, NULL);
INSERT INTO `tb_tagihan` VALUES (50, '100718-025', '2018-07-10 06:16:26', '2018-06-01', 27, 1, 1, '2018-07-18 00:00:00', 50000, NULL, 0, NULL);
INSERT INTO `tb_tagihan` VALUES (51, '100718-026', '2018-07-10 06:16:42', '2018-07-01', 27, 1, 1, '2018-07-18 00:00:00', 50000, NULL, 0, NULL);
INSERT INTO `tb_tagihan` VALUES (52, '100718-027', '2018-07-10 06:18:19', '2018-07-01', 28, 1, 1, '2018-07-10 00:00:00', 100000, NULL, 0, NULL);
INSERT INTO `tb_tagihan` VALUES (53, '100718-028', '2018-07-10 06:20:34', '2018-07-01', 29, 1, 0, NULL, 150000, NULL, 0, NULL);
INSERT INTO `tb_tagihan` VALUES (54, '100718-029', '2018-07-10 06:22:06', '2018-07-01', 30, 1, 1, '2018-07-10 00:00:00', 100000, NULL, 0, NULL);
INSERT INTO `tb_tagihan` VALUES (55, '100718-030', '2018-07-10 06:23:37', '2018-07-01', 31, 1, 1, '2018-07-10 00:00:00', 100000, NULL, 0, NULL);
INSERT INTO `tb_tagihan` VALUES (56, '100718-031', '2018-07-10 06:24:51', '2018-07-01', 32, 1, 1, '2018-07-10 00:00:00', 100000, NULL, 0, NULL);
INSERT INTO `tb_tagihan` VALUES (57, '100718-032', '2018-07-10 06:26:03', '2018-07-01', 33, 1, 1, '2018-07-10 00:00:00', 150000, NULL, 0, NULL);
INSERT INTO `tb_tagihan` VALUES (58, '100718-033', '2018-07-10 06:31:26', '2018-07-01', 34, 1, 0, NULL, 100000, NULL, 0, NULL);
INSERT INTO `tb_tagihan` VALUES (59, '100718-034', '2018-07-10 06:32:37', '2018-07-01', 35, 1, 1, '2018-07-10 00:00:00', 200000, NULL, 0, NULL);
INSERT INTO `tb_tagihan` VALUES (60, '100718-035', '2018-07-10 06:33:53', '2018-07-01', 36, 1, 0, NULL, 100000, NULL, 0, NULL);
INSERT INTO `tb_tagihan` VALUES (61, '100718-036', '2018-07-10 06:34:55', '2018-07-01', 37, 1, 1, '2018-07-10 00:00:00', 100000, NULL, 0, NULL);
INSERT INTO `tb_tagihan` VALUES (62, '100718-037', '2018-07-10 06:36:06', '2018-06-01', 38, 1, 1, '2018-07-18 00:00:00', 150000, NULL, 0, NULL);
INSERT INTO `tb_tagihan` VALUES (63, '100718-038', '2018-07-10 06:36:19', '2018-07-01', 38, 1, 1, '2018-07-18 00:00:00', 150000, NULL, 0, NULL);
INSERT INTO `tb_tagihan` VALUES (64, '100718-039', '2018-07-10 06:37:27', '2018-07-01', 39, 1, 1, '2018-07-10 00:00:00', 100000, NULL, 0, NULL);
INSERT INTO `tb_tagihan` VALUES (65, '100718-040', '2018-07-10 06:38:27', '2018-07-01', 40, 1, 1, '2018-07-10 00:00:00', 200000, NULL, 0, NULL);
INSERT INTO `tb_tagihan` VALUES (66, '100718-041', '2018-07-10 06:41:14', '2018-07-01', 41, 1, 1, '2018-07-10 00:00:00', 100000, NULL, 0, NULL);
INSERT INTO `tb_tagihan` VALUES (67, '100718-042', '2018-07-10 06:42:27', '2018-07-01', 42, 1, 0, NULL, 100000, NULL, 0, NULL);
INSERT INTO `tb_tagihan` VALUES (68, '100718-043', '2018-07-10 06:44:30', '2018-07-01', 43, 1, 1, '2018-07-10 00:00:00', 200000, NULL, 0, NULL);
INSERT INTO `tb_tagihan` VALUES (69, '100718-044', '2018-07-10 06:45:36', '2018-07-01', 44, 1, 1, '2018-07-10 00:00:00', 150000, NULL, 0, NULL);
INSERT INTO `tb_tagihan` VALUES (70, '100718-045', '2018-07-10 06:46:28', '2018-07-01', 45, 1, 1, '2018-07-10 00:00:00', 100000, NULL, 0, NULL);
INSERT INTO `tb_tagihan` VALUES (71, '100718-046', '2018-07-10 06:47:23', '2018-07-01', 46, 1, 1, '2018-07-18 00:00:00', 100000, NULL, 0, NULL);
INSERT INTO `tb_tagihan` VALUES (72, '100718-047', '2018-07-10 06:55:16', '2018-07-01', 47, 1, 0, NULL, 100000, NULL, 0, NULL);
INSERT INTO `tb_tagihan` VALUES (73, '100718-048', '2018-07-10 07:09:45', '2018-07-01', 48, 1, 1, '2018-07-18 00:00:00', 50000, NULL, 0, NULL);
INSERT INTO `tb_tagihan` VALUES (74, '100718-049', '2018-07-10 07:10:43', '2018-07-01', 49, 1, 1, '2018-07-10 00:00:00', 150000, NULL, 0, NULL);
INSERT INTO `tb_tagihan` VALUES (75, '100718-050', '2018-07-10 07:20:10', '2018-07-01', 50, 1, 1, '2018-07-10 00:00:00', 100000, NULL, 0, NULL);
INSERT INTO `tb_tagihan` VALUES (76, '100718-051', '2018-07-10 07:21:15', '2018-07-01', 51, 1, 1, '2018-07-10 00:00:00', 100000, NULL, 0, NULL);
INSERT INTO `tb_tagihan` VALUES (77, '100718-052', '2018-07-10 07:25:59', '2018-07-01', 52, 1, 1, '2018-07-10 00:00:00', 100000, NULL, 0, NULL);
INSERT INTO `tb_tagihan` VALUES (78, '100718-053', '2018-07-10 07:27:02', '2018-05-01', 53, 1, 1, '2018-07-18 00:00:00', 150000, NULL, 0, NULL);
INSERT INTO `tb_tagihan` VALUES (79, '100718-054', '2018-07-10 07:27:18', '2018-06-01', 53, 1, 1, '2018-07-18 00:00:00', 150000, NULL, 0, NULL);
INSERT INTO `tb_tagihan` VALUES (80, '100718-055', '2018-07-10 07:27:29', '2018-07-01', 53, 1, 0, NULL, 150000, NULL, 0, NULL);
INSERT INTO `tb_tagihan` VALUES (81, '100718-056', '2018-07-10 07:27:48', '2018-04-01', 53, 1, 1, '2018-07-18 00:00:00', 150000, NULL, 0, NULL);
INSERT INTO `tb_tagihan` VALUES (82, '100718-057', '2018-07-10 07:32:35', '2018-07-01', 54, 1, 1, '2018-07-10 00:00:00', 100000, NULL, 0, NULL);
INSERT INTO `tb_tagihan` VALUES (83, '100718-058', '2018-07-10 07:33:47', '2018-07-01', 55, 1, 1, '2018-07-10 00:00:00', 300000, NULL, 0, NULL);
INSERT INTO `tb_tagihan` VALUES (84, '100718-059', '2018-07-10 07:38:00', '2018-07-01', 56, 1, 1, '2018-07-10 00:00:00', 350000, NULL, 0, NULL);
INSERT INTO `tb_tagihan` VALUES (85, '100718-060', '2018-07-10 07:38:55', '2018-07-01', 57, 1, 0, NULL, 150000, NULL, 0, NULL);
INSERT INTO `tb_tagihan` VALUES (86, '100718-061', '2018-07-10 07:39:50', '2018-07-01', 58, 1, 0, NULL, 100000, NULL, 0, NULL);
INSERT INTO `tb_tagihan` VALUES (87, '100718-062', '2018-07-10 07:47:00', '2018-07-01', 59, 1, 0, NULL, 200000, NULL, 0, NULL);
INSERT INTO `tb_tagihan` VALUES (88, '100718-063', '2018-07-10 07:55:18', '2018-07-01', 60, 1, 0, NULL, 150000, NULL, 0, NULL);
INSERT INTO `tb_tagihan` VALUES (89, '100718-064', '2018-07-10 07:58:14', '2018-07-01', 61, 1, 0, NULL, 200000, NULL, 0, NULL);
INSERT INTO `tb_tagihan` VALUES (90, '100718-065', '2018-07-10 08:01:06', '2018-07-01', 62, 1, 1, '2018-07-10 00:00:00', 100000, NULL, 0, NULL);
INSERT INTO `tb_tagihan` VALUES (91, '100718-066', '2018-07-10 08:04:24', '2018-07-01', 63, 1, 1, '2018-07-10 00:00:00', 150000, NULL, 0, NULL);
INSERT INTO `tb_tagihan` VALUES (92, '100718-067', '2018-07-10 08:07:54', '2018-07-01', 64, 1, 0, NULL, 100000, NULL, 0, NULL);
INSERT INTO `tb_tagihan` VALUES (93, '100718-068', '2018-07-10 08:09:00', '2018-07-01', 65, 1, 1, '2018-07-18 00:00:00', 100000, NULL, 0, NULL);
INSERT INTO `tb_tagihan` VALUES (94, '100718-069', '2018-07-10 08:12:01', '2018-07-01', 66, 1, 1, '2018-07-10 00:00:00', 200000, NULL, 0, NULL);
INSERT INTO `tb_tagihan` VALUES (95, '100718-070', '2018-07-10 08:12:57', '2018-07-01', 67, 1, 1, '2018-07-10 00:00:00', 150000, NULL, 0, NULL);
INSERT INTO `tb_tagihan` VALUES (96, '100718-071', '2018-07-10 08:14:01', '2018-07-01', 68, 1, 1, '2018-07-10 00:00:00', 200000, NULL, 0, NULL);
INSERT INTO `tb_tagihan` VALUES (97, '100718-072', '2018-07-10 08:15:14', '2018-07-01', 69, 1, 1, '2018-07-10 00:00:00', 150000, NULL, 0, NULL);
INSERT INTO `tb_tagihan` VALUES (98, '100718-073', '2018-07-10 08:16:34', '2018-07-01', 70, 1, 1, '2018-07-10 00:00:00', 100000, NULL, 0, NULL);
INSERT INTO `tb_tagihan` VALUES (99, '100718-074', '2018-07-10 08:19:30', '2018-07-01', 71, 1, 1, '2018-07-10 00:00:00', 100000, NULL, 0, NULL);
INSERT INTO `tb_tagihan` VALUES (100, '100718-075', '2018-07-10 08:23:30', '2018-07-01', 72, 1, 1, '2018-07-18 00:00:00', 100000, NULL, 0, NULL);
INSERT INTO `tb_tagihan` VALUES (101, '100718-076', '2018-07-10 08:24:42', '2018-07-01', 73, 1, 1, '2018-07-18 00:00:00', 500000, NULL, 0, NULL);
INSERT INTO `tb_tagihan` VALUES (102, '100718-077', '2018-07-10 08:25:47', '2018-07-01', 74, 1, 1, '2018-07-10 00:00:00', 150000, NULL, 0, NULL);
INSERT INTO `tb_tagihan` VALUES (103, '100718-078', '2018-07-10 08:28:07', '2018-07-01', 75, 1, 1, '2018-07-18 00:00:00', 150000, NULL, 0, NULL);
INSERT INTO `tb_tagihan` VALUES (104, '100718-079', '2018-07-10 08:30:07', '2018-07-01', 76, 1, 1, '2018-07-10 00:00:00', 100000, NULL, 0, NULL);
INSERT INTO `tb_tagihan` VALUES (105, '100718-080', '2018-07-10 08:31:43', '2018-07-01', 77, 1, 1, '2018-07-18 00:00:00', 200000, NULL, 0, NULL);
INSERT INTO `tb_tagihan` VALUES (106, '100718-081', '2018-07-10 08:36:26', '2018-07-01', 78, 1, 1, '2018-07-10 00:00:00', 100000, NULL, 0, NULL);
INSERT INTO `tb_tagihan` VALUES (107, '100718-082', '2018-07-10 08:37:24', '2018-07-01', 79, 1, 1, '2018-07-10 00:00:00', 150000, NULL, 0, NULL);
INSERT INTO `tb_tagihan` VALUES (108, '100718-083', '2018-07-10 08:38:23', '2018-07-01', 80, 1, 1, '2018-07-18 00:00:00', 100000, NULL, 0, NULL);
INSERT INTO `tb_tagihan` VALUES (109, '100718-084', '2018-07-10 08:39:14', '2018-07-01', 81, 1, 1, '2018-07-10 00:00:00', 100000, NULL, 0, NULL);
INSERT INTO `tb_tagihan` VALUES (110, '100718-085', '2018-07-10 08:40:09', '2018-07-01', 82, 1, 1, '2018-07-18 00:00:00', 100000, NULL, 0, NULL);
INSERT INTO `tb_tagihan` VALUES (111, '100718-086', '2018-07-10 09:00:27', '2018-07-01', 83, 1, 1, '2018-07-10 00:00:00', 200000, NULL, 0, NULL);
INSERT INTO `tb_tagihan` VALUES (112, '100718-087', '2018-07-10 09:01:36', '2018-07-01', 84, 1, 0, NULL, 100000, NULL, 0, NULL);
INSERT INTO `tb_tagihan` VALUES (113, '100718-088', '2018-07-10 09:04:57', '2018-07-01', 85, 1, 1, '2018-07-10 00:00:00', 250000, NULL, 0, NULL);
INSERT INTO `tb_tagihan` VALUES (114, '100718-089', '2018-07-10 09:06:12', '2018-07-01', 86, 1, 1, '2018-07-18 00:00:00', 100000, NULL, 0, NULL);
INSERT INTO `tb_tagihan` VALUES (115, '100718-090', '2018-07-10 09:07:03', '2018-07-01', 87, 1, 1, '2018-07-10 00:00:00', 100000, NULL, 0, NULL);
INSERT INTO `tb_tagihan` VALUES (116, '100718-091', '2018-07-10 09:08:43', '2018-07-01', 88, 1, 1, '2018-07-18 00:00:00', 100000, NULL, 0, NULL);
INSERT INTO `tb_tagihan` VALUES (117, '100718-092', '2018-07-10 09:20:38', '2018-07-01', 89, 1, 1, '2018-07-10 00:00:00', 100000, NULL, 0, NULL);
INSERT INTO `tb_tagihan` VALUES (118, '100718-093', '2018-07-10 09:22:00', '2018-07-01', 90, 1, 1, '2018-07-18 00:00:00', 100000, NULL, 0, NULL);
INSERT INTO `tb_tagihan` VALUES (119, '100718-094', '2018-07-10 09:22:57', '2018-07-01', 91, 1, 1, '2018-07-10 00:00:00', 200000, NULL, 0, NULL);
INSERT INTO `tb_tagihan` VALUES (120, '100718-095', '2018-07-10 09:24:49', '2018-07-01', 92, 1, 1, '2018-07-10 00:00:00', 250000, NULL, 0, NULL);
INSERT INTO `tb_tagihan` VALUES (121, '100718-096', '2018-07-10 09:26:35', '2018-07-01', 93, 1, 1, '2018-07-10 00:00:00', 150000, NULL, 0, NULL);
INSERT INTO `tb_tagihan` VALUES (122, '100718-097', '2018-07-10 09:32:27', '2018-07-01', 94, 1, 1, '2018-07-10 00:00:00', 200000, NULL, 0, NULL);
INSERT INTO `tb_tagihan` VALUES (123, '100718-098', '2018-07-10 09:33:22', '2018-07-01', 95, 1, 1, '2018-07-10 00:00:00', 100000, NULL, 0, NULL);
INSERT INTO `tb_tagihan` VALUES (124, '100718-099', '2018-07-10 09:34:25', '2018-07-01', 96, 1, 1, '2018-07-10 00:00:00', 100000, NULL, 0, NULL);
INSERT INTO `tb_tagihan` VALUES (125, '100718-100', '2018-07-10 09:35:16', '2018-07-01', 97, 1, 1, '2018-07-18 00:00:00', 150000, NULL, 0, NULL);
INSERT INTO `tb_tagihan` VALUES (126, '100718-101', '2018-07-10 09:39:17', '2018-07-01', 98, 1, 1, '2018-07-10 00:00:00', 150000, NULL, 0, NULL);
INSERT INTO `tb_tagihan` VALUES (127, '100718-102', '2018-07-10 09:40:28', '2018-07-01', 99, 1, 1, '2018-07-10 00:00:00', 100000, NULL, 0, NULL);
INSERT INTO `tb_tagihan` VALUES (128, '100718-103', '2018-07-10 09:42:24', '2018-07-01', 100, 1, 1, '2018-07-10 00:00:00', 200000, NULL, 0, NULL);
INSERT INTO `tb_tagihan` VALUES (129, '100718-104', '2018-07-10 09:43:21', '2018-07-01', 101, 1, 1, '2018-07-18 00:00:00', 100000, NULL, 0, NULL);
INSERT INTO `tb_tagihan` VALUES (130, '100718-105', '2018-07-10 10:03:05', '2018-07-01', 24, 1, 1, '2018-07-18 00:00:00', 100000, NULL, 0, NULL);
INSERT INTO `tb_tagihan` VALUES (131, '100718-106', '2018-07-10 10:12:11', '2018-07-01', 102, 1, 1, '2018-07-10 00:00:00', 200000, NULL, 0, NULL);
INSERT INTO `tb_tagihan` VALUES (132, '180718-001', '2018-07-18 01:11:46', '2018-07-01', 104, 1, 1, '2018-07-18 00:00:00', 200000, NULL, 0, NULL);
INSERT INTO `tb_tagihan` VALUES (133, '180718-002', '2018-07-18 01:42:21', '2018-07-01', 105, 1, 1, '2018-07-18 00:00:00', 200000, NULL, 0, NULL);
INSERT INTO `tb_tagihan` VALUES (134, '180718-003', '2018-07-18 01:44:19', '2018-07-01', 106, 1, 0, NULL, 100000, NULL, 0, NULL);
INSERT INTO `tb_tagihan` VALUES (135, '180718-004', '2018-07-18 01:45:41', '2018-07-01', 107, 1, 1, '2018-07-18 00:00:00', 100000, NULL, 0, NULL);
INSERT INTO `tb_tagihan` VALUES (136, '180718-005', '2018-07-18 01:47:26', '2018-07-01', 108, 1, 1, '2018-07-18 00:00:00', 100000, NULL, 0, NULL);
INSERT INTO `tb_tagihan` VALUES (137, '180718-006', '2018-07-18 01:49:47', '2018-07-01', 109, 1, 1, '2018-07-18 00:00:00', 150000, NULL, 0, NULL);
INSERT INTO `tb_tagihan` VALUES (138, '180718-007', '2018-07-18 01:51:16', '2018-07-01', 110, 1, 1, '2018-07-18 00:00:00', 200000, NULL, 0, NULL);
INSERT INTO `tb_tagihan` VALUES (139, '180718-008', '2018-07-18 01:52:32', '2018-07-01', 111, 1, 1, '2018-07-18 00:00:00', 150000, NULL, 0, NULL);
INSERT INTO `tb_tagihan` VALUES (140, '180718-009', '2018-07-18 01:54:10', '2018-07-01', 112, 1, 1, '2018-07-18 00:00:00', 300000, NULL, 0, NULL);
INSERT INTO `tb_tagihan` VALUES (141, '180718-010', '2018-07-18 02:01:11', '2018-07-01', 113, 1, 1, '2018-07-18 00:00:00', 100000, NULL, 0, NULL);
INSERT INTO `tb_tagihan` VALUES (142, '180718-011', '2018-07-18 02:02:56', '2018-07-01', 114, 1, 1, '2018-07-18 00:00:00', 200000, NULL, 0, NULL);
INSERT INTO `tb_tagihan` VALUES (143, '180718-012', '2018-07-18 02:06:03', '2018-07-01', 115, 1, 1, '2018-07-18 00:00:00', 100000, NULL, 0, NULL);
INSERT INTO `tb_tagihan` VALUES (144, '180718-013', '2018-07-18 02:07:26', '2018-07-01', 116, 1, 1, '2018-07-18 00:00:00', 200000, NULL, 0, NULL);
INSERT INTO `tb_tagihan` VALUES (145, '180718-014', '2018-07-18 02:10:51', '2018-07-01', 117, 1, 1, '2018-07-18 00:00:00', 200000, NULL, 0, NULL);
INSERT INTO `tb_tagihan` VALUES (146, '180718-015', '2018-07-18 02:12:33', '2018-07-01', 118, 1, 1, '2018-07-18 00:00:00', 150000, NULL, 0, NULL);
INSERT INTO `tb_tagihan` VALUES (147, '180718-016', '2018-07-18 02:13:48', '2018-07-01', 119, 1, 1, '2018-07-18 00:00:00', 200000, NULL, 0, NULL);
INSERT INTO `tb_tagihan` VALUES (148, '180718-017', '2018-07-18 02:15:42', '2018-07-01', 120, 1, 1, '2018-07-18 00:00:00', 150000, NULL, 0, NULL);
INSERT INTO `tb_tagihan` VALUES (149, '180718-018', '2018-07-18 02:17:14', '2018-07-01', 121, 1, 1, '2018-07-18 00:00:00', 200000, NULL, 0, NULL);
INSERT INTO `tb_tagihan` VALUES (150, '180718-019', '2018-07-18 02:18:50', '2018-07-01', 122, 1, 1, '2018-07-18 00:00:00', 200000, NULL, 0, NULL);
INSERT INTO `tb_tagihan` VALUES (151, '180718-020', '2018-07-18 02:20:00', '2018-07-01', 123, 1, 1, '2018-07-18 00:00:00', 200000, NULL, 0, NULL);
INSERT INTO `tb_tagihan` VALUES (152, '180718-021', '2018-07-18 02:21:10', '2018-07-01', 124, 1, 1, '2018-07-18 00:00:00', 150000, NULL, 0, NULL);
INSERT INTO `tb_tagihan` VALUES (153, '180718-022', '2018-07-18 02:23:00', '2018-07-01', 125, 1, 1, '2018-07-18 00:00:00', 350000, NULL, 0, NULL);
INSERT INTO `tb_tagihan` VALUES (154, '240718-001', '2018-07-24 03:56:23', '2018-07-01', 8, 1, 0, NULL, 150000, NULL, 0, NULL);
INSERT INTO `tb_tagihan` VALUES (155, '240718-002', '2018-07-24 04:01:12', '2018-07-01', 10, 1, 0, NULL, 100000, NULL, 0, NULL);
INSERT INTO `tb_tagihan` VALUES (156, '240718-003', '2018-07-24 04:02:54', '2018-07-01', 11, 1, 0, NULL, 150000, NULL, 0, NULL);
INSERT INTO `tb_tagihan` VALUES (157, '240718-004', '2018-07-24 04:03:26', '2018-07-01', 12, 1, 0, NULL, 50000, NULL, 0, NULL);
INSERT INTO `tb_tagihan` VALUES (158, '240718-005', '2018-07-24 04:03:59', '2018-08-01', 13, 1, 0, NULL, 400000, NULL, 0, NULL);
INSERT INTO `tb_tagihan` VALUES (159, '240718-006', '2018-07-24 04:04:49', '2018-08-01', 14, 1, 0, NULL, 100000, NULL, 0, NULL);
INSERT INTO `tb_tagihan` VALUES (160, '240718-007', '2018-07-24 04:05:39', '2018-07-01', 15, 1, 0, NULL, 50000, NULL, 0, NULL);
INSERT INTO `tb_tagihan` VALUES (161, '240718-008', '2018-07-24 04:06:32', '2018-07-01', 16, 1, 0, NULL, 100000, NULL, 0, NULL);
INSERT INTO `tb_tagihan` VALUES (162, '240718-009', '2018-07-24 04:09:26', '2018-07-01', 17, 1, 0, NULL, 300000, NULL, 0, NULL);
INSERT INTO `tb_tagihan` VALUES (163, '240718-010', '2018-07-24 04:12:12', '2018-08-01', 18, 1, 0, NULL, 200000, NULL, 0, NULL);
INSERT INTO `tb_tagihan` VALUES (164, '240718-011', '2018-07-24 04:12:54', '2018-08-01', 19, 1, 0, NULL, 150000, NULL, 0, NULL);
INSERT INTO `tb_tagihan` VALUES (165, '240718-012', '2018-07-24 04:13:53', '2018-08-01', 20, 1, 0, NULL, 100000, NULL, 0, NULL);
INSERT INTO `tb_tagihan` VALUES (166, '240718-013', '2018-07-24 04:14:51', '2018-08-01', 21, 1, 0, NULL, 150000, NULL, 0, NULL);
INSERT INTO `tb_tagihan` VALUES (167, '240718-014', '2018-07-24 04:15:58', '2018-08-01', 22, 1, 0, NULL, 200000, NULL, 0, NULL);
INSERT INTO `tb_tagihan` VALUES (168, '240718-015', '2018-07-24 04:16:43', '2018-08-01', 23, 1, 0, NULL, 100000, NULL, 0, NULL);
INSERT INTO `tb_tagihan` VALUES (169, '240718-016', '2018-07-24 23:09:43', '2018-08-01', 24, 1, 0, NULL, 100000, NULL, 0, NULL);
INSERT INTO `tb_tagihan` VALUES (170, '240718-017', '2018-07-24 23:10:09', '2018-08-01', 26, 1, 0, NULL, 50000, NULL, 0, NULL);
INSERT INTO `tb_tagihan` VALUES (171, '240718-018', '2018-07-24 23:10:33', '2018-08-01', 27, 1, 0, NULL, 50000, NULL, 0, NULL);
INSERT INTO `tb_tagihan` VALUES (172, '250718-001', '2018-07-25 02:32:18', '2018-08-01', 28, 1, 0, NULL, 100000, NULL, 0, NULL);
INSERT INTO `tb_tagihan` VALUES (173, '250718-002', '2018-07-25 02:32:50', '2018-08-01', 29, 1, 0, NULL, 150000, NULL, 0, NULL);
INSERT INTO `tb_tagihan` VALUES (174, '250718-003', '2018-07-25 02:33:20', '2018-08-01', 30, 1, 0, NULL, 100000, NULL, 0, NULL);
INSERT INTO `tb_tagihan` VALUES (175, '250718-004', '2018-07-25 02:34:29', '2018-08-01', 31, 1, 0, NULL, 100000, NULL, 0, NULL);
INSERT INTO `tb_tagihan` VALUES (176, '010818-001', '2018-08-01 07:32:09', '2009-08-20', 138, 0, 0, NULL, 3500, NULL, 0, NULL);
INSERT INTO `tb_tagihan` VALUES (177, '010818-002', '2018-08-01 13:51:26', '2018-01-01', 138, 0, 0, NULL, 44444, NULL, 0, NULL);
INSERT INTO `tb_tagihan` VALUES (178, '010818-003', '2018-08-01 13:51:26', '2018-01-01', 139, 0, 1, '2018-08-29 02:18:00', 150000, NULL, 0, NULL);
INSERT INTO `tb_tagihan` VALUES (179, '010818-004', '2018-08-01 13:51:26', '2018-02-01', 138, 0, 0, NULL, 3500, NULL, 0, NULL);
INSERT INTO `tb_tagihan` VALUES (180, '010818-005', '2018-08-01 13:51:26', '2018-02-01', 139, 0, 1, '2018-08-29 02:18:00', 150000, NULL, 0, NULL);
INSERT INTO `tb_tagihan` VALUES (181, '010818-006', '2018-08-01 13:51:26', '2018-03-01', 138, 0, 0, NULL, 123123, NULL, 0, NULL);
INSERT INTO `tb_tagihan` VALUES (182, '010818-007', '2018-08-01 13:51:26', '2018-03-01', 139, 0, 1, '2018-08-29 02:18:00', 150000, NULL, 0, NULL);
INSERT INTO `tb_tagihan` VALUES (183, '010818-008', '2018-08-01 13:51:26', '2018-04-01', 138, 0, 0, NULL, 3500, NULL, 0, NULL);
INSERT INTO `tb_tagihan` VALUES (184, '010818-009', '2018-08-01 13:51:26', '2018-04-01', 139, 0, 1, '2018-08-29 02:18:00', 150000, NULL, 0, NULL);
INSERT INTO `tb_tagihan` VALUES (185, '010818-010', '2018-08-01 13:51:26', '2018-05-01', 138, 0, 0, NULL, 3500, NULL, 0, NULL);
INSERT INTO `tb_tagihan` VALUES (186, '010818-011', '2018-08-01 13:51:26', '2018-05-01', 139, 0, 1, '2018-08-29 02:18:00', 150000, NULL, 0, NULL);
INSERT INTO `tb_tagihan` VALUES (187, '010818-012', '2018-08-01 13:51:26', '2018-06-01', 138, 0, 0, NULL, 3500, NULL, 0, NULL);
INSERT INTO `tb_tagihan` VALUES (188, '010818-013', '2018-08-01 13:51:27', '2018-06-01', 139, 0, 0, NULL, 150000, NULL, 0, NULL);
INSERT INTO `tb_tagihan` VALUES (189, '010818-014', '2018-08-01 13:51:27', '2018-07-01', 138, 0, 0, NULL, 3500, NULL, 0, NULL);
INSERT INTO `tb_tagihan` VALUES (190, '010818-015', '2018-08-01 13:51:27', '2018-07-01', 139, 0, 0, NULL, 150000, NULL, 0, NULL);
INSERT INTO `tb_tagihan` VALUES (191, '010818-016', '2018-08-01 13:51:27', '2018-08-01', 139, 0, 1, '2018-08-28 00:00:00', 150000, NULL, 0, NULL);
INSERT INTO `tb_tagihan` VALUES (192, '280818-001', '2018-08-28 06:45:45', '2018-08-01', 138, 0, 1, '2018-08-29 03:44:08', 123123, NULL, 0, NULL);
INSERT INTO `tb_tagihan` VALUES (193, '290818-001', '2018-08-29 02:15:38', '2018-08-01', 140, 0, 0, NULL, 50000, NULL, 0, NULL);
INSERT INTO `tb_tagihan` VALUES (194, '290818-001', '2018-08-29 15:43:36', '2018-08-01', 140, 1, 0, NULL, 10000, NULL, 0, NULL);
INSERT INTO `tb_tagihan` VALUES (195, '290818-002', '2018-08-29 15:43:36', '2018-08-01', 142, 1, 0, NULL, 100000, NULL, 0, NULL);
INSERT INTO `tb_tagihan` VALUES (196, '290818-003', '2018-08-29 15:43:36', '2018-07-01', 139, 1, NULL, NULL, 100000, NULL, 0, NULL);
INSERT INTO `tb_tagihan` VALUES (197, '290818-004', '2018-08-29 15:43:36', '2018-07-01', 142, 1, NULL, NULL, 100000, NULL, 0, NULL);
INSERT INTO `tb_tagihan` VALUES (198, '290818-005', '2018-08-29 10:48:50', '2017-01-01', 140, 0, 0, NULL, 1000, NULL, 0, NULL);

-- ----------------------------
-- Table structure for tb_toko
-- ----------------------------
DROP TABLE IF EXISTS `tb_toko`;
CREATE TABLE `tb_toko`  (
  `s_name` varchar(255) CHARACTER SET utf8 COLLATE utf8_bin NULL DEFAULT NULL,
  `s_address` varchar(255) CHARACTER SET utf8 COLLATE utf8_bin NULL DEFAULT NULL,
  `s_phone` varchar(255) CHARACTER SET utf8 COLLATE utf8_bin NULL DEFAULT NULL,
  `s_cellphone` varchar(255) CHARACTER SET utf8 COLLATE utf8_bin NULL DEFAULT NULL,
  `s_cab` varchar(255) CHARACTER SET utf8 COLLATE utf8_bin NULL DEFAULT NULL,
  `s_logo` varchar(255) CHARACTER SET utf8 COLLATE utf8_bin NULL DEFAULT NULL,
  `s_background` varchar(255) CHARACTER SET utf8 COLLATE utf8_bin NULL DEFAULT NULL,
  `id` int(10) UNSIGNED NOT NULL AUTO_INCREMENT,
  `s_twitter` varchar(255) CHARACTER SET utf8 COLLATE utf8_bin NULL DEFAULT NULL,
  `s_facebook` varchar(255) CHARACTER SET utf8 COLLATE utf8_bin NULL DEFAULT NULL,
  `s_instagram` varchar(255) CHARACTER SET utf8 COLLATE utf8_bin NULL DEFAULT NULL,
  `s_googleplus` varchar(255) CHARACTER SET utf8 COLLATE utf8_bin NULL DEFAULT NULL,
  PRIMARY KEY (`id`) USING BTREE
) ENGINE = InnoDB AUTO_INCREMENT = 2 CHARACTER SET = utf8 COLLATE = utf8_bin ROW_FORMAT = Compact;

-- ----------------------------
-- Records of tb_toko
-- ----------------------------
INSERT INTO `tb_toko` VALUES ('WIRA USAHA', 'Jl. Raya Drunten Wetan Blok Karangasem Pasar Gabus Wetan Indramayu', '(0234) 7145100', '087 717 665 558', 'recordwu', '5596f87d116c9a7b466bf5b8da5218aa.jpg', 'bee592b029378a8d39e96f8b29df7392.jpg', 1, '', '', '', NULL);

-- ----------------------------
-- Table structure for tb_user
-- ----------------------------
DROP TABLE IF EXISTS `tb_user`;
CREATE TABLE `tb_user`  (
  `user_id` bigint(20) UNSIGNED NOT NULL AUTO_INCREMENT,
  `user_name` varchar(255) CHARACTER SET utf8 COLLATE utf8_bin NULL DEFAULT NULL,
  `user_password` varchar(255) CHARACTER SET utf8 COLLATE utf8_bin NULL DEFAULT NULL,
  `user_status` tinyint(1) NULL DEFAULT 1,
  `user_date` datetime(0) NULL DEFAULT CURRENT_TIMESTAMP,
  `user_level` tinyint(4) NULL DEFAULT 1,
  `user_fullname` varchar(255) CHARACTER SET utf8 COLLATE utf8_bin NULL DEFAULT NULL,
  `user_address` text CHARACTER SET utf8 COLLATE utf8_bin NULL,
  `user_bw` varchar(255) CHARACTER SET utf8 COLLATE utf8_bin NULL DEFAULT NULL,
  `user_ip` varchar(255) CHARACTER SET utf8 COLLATE utf8_bin NOT NULL,
  `user_login` tinyint(4) NOT NULL DEFAULT 0,
  `user_cab` bigint(20) NULL DEFAULT NULL,
  PRIMARY KEY (`user_id`) USING BTREE
) ENGINE = InnoDB AUTO_INCREMENT = 143 CHARACTER SET = utf8 COLLATE = utf8_bin ROW_FORMAT = Compact;

-- ----------------------------
-- Records of tb_user
-- ----------------------------
INSERT INTO `tb_user` VALUES (1, 'admin', '1', 1, '2018-04-26 09:04:35', 99, 'Admin', NULL, NULL, '', 0, NULL);
INSERT INTO `tb_user` VALUES (7, 'R30001', '123456smpn2', 1, '2018-06-27 00:32:19', 1, 'SMPN 2 GABUSWETAN', 'Jl. Raya Druntenwetan Kec. Gabuswetan Kab. Indramayu\r\n', '5', '', 0, NULL);
INSERT INTO `tb_user` VALUES (8, 'R30002', '123456sdn3', 1, '2018-06-27 05:05:29', 1, 'SDN DRUNTENWETAN 3', 'Blok. Balong Ds. Druntenwetan\r\n', '2', '36.72.66.188', 1, 16);
INSERT INTO `tb_user` VALUES (10, 'R30003', '123456sdn1', 1, '2018-07-10 00:25:32', 1, 'SDN DRUNTENKULON 1', 'Blok. Tegalpelem Ds. Druntenkulon Kec. Gabuswetan\r\n', '1.5', '', 0, 16);
INSERT INTO `tb_user` VALUES (11, 'R30004', '123456sdn1', 1, '2018-07-10 00:38:33', 1, 'SDN GABUSKULON 1', 'Blok. Kedungwaru Ds. Gabuskulon\r\nKec. Gabuswetan', '1.5', '', 0, NULL);
INSERT INTO `tb_user` VALUES (12, 'R30005', '123456fa', 1, '2018-07-10 00:39:52', 1, 'FUAD', 'Blok. Kamplong Ds. Druntenwetan\r\n', '1', '36.72.177.124', 1, NULL);
INSERT INTO `tb_user` VALUES (13, 'R30006', '123456bri', 1, '2018-07-10 00:44:28', 1, 'BRI UNIT DRUNTENKULON', 'Blok. Tegalpelem Ds. Druntenkulon\r\n', '5', '', 0, NULL);
INSERT INTO `tb_user` VALUES (14, 'R30007', '123456tw', 1, '2018-07-10 00:50:34', 1, 'TISWA LAYANAN SAMBILAMPUH', 'Blok. Sambilampu Ds. Druntenkulon\r\n', '1', '', 0, NULL);
INSERT INTO `tb_user` VALUES (15, 'R30008', '123456nn', 1, '2018-07-10 00:51:54', 1, 'NINING', 'Blok. Karangasem Ds. Druntenwetan\r\n', '1', '', 0, NULL);
INSERT INTO `tb_user` VALUES (16, 'R30009', '123456is', 1, '2018-07-10 00:53:50', 1, 'ISOM', 'Blok. Karangasem Ds. Druntenwetan\r\n', '1', '', 0, NULL);
INSERT INTO `tb_user` VALUES (17, 'R30010', '123456dv', 1, '2018-07-10 00:55:51', 1, 'DEVITA_NET', 'Blok. Soge Ds. Soge\r\n', '3', '', 0, NULL);
INSERT INTO `tb_user` VALUES (18, 'R30011', '123456el', 1, '2018-07-10 00:57:11', 1, 'NIA / H. KARPIN', 'Blok. Tegalpelem Ds. Druntenkulon\r\n', '2', '', 0, NULL);
INSERT INTO `tb_user` VALUES (19, 'R30012', '123456ad', 1, '2018-07-10 01:00:07', 1, 'ADITIYA PERMANA', 'Blok. Bojong Ds. Bojong\r\n', '1.5', '', 0, NULL);
INSERT INTO `tb_user` VALUES (20, 'R30013', '123456', 1, '2018-07-10 01:01:56', 1, 'ADITIYA PERMANA OFFICE', 'Blok. Bojong Ds. Bojong', '1', '', 0, NULL);
INSERT INTO `tb_user` VALUES (21, 'R30014', '1234156il', 1, '2018-07-10 01:03:22', 1, 'ILAL', 'Blok. Bojong Ds. Bojong', '1.5', '', 0, NULL);
INSERT INTO `tb_user` VALUES (22, 'R30015', '123456rn', 1, '2018-07-10 06:06:24', 1, 'RINI', 'Blok. Kedungwaru Ds. Druntenwetan\r\n', '2', '', 0, NULL);
INSERT INTO `tb_user` VALUES (23, 'R30016', '123456ap', 1, '2018-07-10 06:08:41', 1, 'ANDI PUTRA', 'Blok. Samakromberng Ds. Margamulya\r\n', '1', '36.72.177.124', 1, NULL);
INSERT INTO `tb_user` VALUES (24, 'R30017', '123456us', 1, '2018-07-10 06:09:35', 1, 'USMAN', 'Blok. Kedungwaru Ds. Druntenwetan\r\n', '1', '', 0, NULL);
INSERT INTO `tb_user` VALUES (25, 'R30018', '123456st', 1, '2018-07-10 06:11:14', 1, 'START SUARA FM', 'Blok. Kalikulon Ds. Druntenkulon\r\n', '1', '', 0, 16);
INSERT INTO `tb_user` VALUES (26, 'R30019', '123456am', 1, '2018-07-10 06:13:23', 1, 'AMSARI', 'Blok. Karangasem Ds. Druntenwetan\r\n', '1', '', 0, NULL);
INSERT INTO `tb_user` VALUES (27, 'R30020', '123456jk', 1, '2018-07-10 06:15:07', 1, 'Bpk. JAKA', 'Blok. Karangasem Ds. Druntenwetan\r\n', '1', '', 0, NULL);
INSERT INTO `tb_user` VALUES (28, 'R30021', '123456kr', 1, '2018-07-10 06:17:51', 1, 'KARYAM', 'Blok. Kedungwaru Ds. Druntenwetan\r\n', '1', '', 0, NULL);
INSERT INTO `tb_user` VALUES (29, 'R30022', '123456wt', 1, '2018-07-10 06:19:19', 1, 'WITRI', 'Blok. Bojong Ds. Bojong\r\n', '2', '', 0, NULL);
INSERT INTO `tb_user` VALUES (30, 'R30023', '123456ra', 1, '2018-07-10 06:21:46', 1, 'RIA AGUS', 'Blok. Balong Ds. Druntenwetan\r\n', '1', '', 0, NULL);
INSERT INTO `tb_user` VALUES (31, 'R30024', '123456sk', 1, '2018-07-10 06:23:18', 1, 'SUKMA', 'Blok. Tegalpelem Ds. Druntenkulon\r\n', '1', '', 0, NULL);
INSERT INTO `tb_user` VALUES (32, 'R30025', '123456mi', 1, '2018-07-10 06:24:29', 1, 'MALIK IBRAHIM', 'Blok. Kalikulon Ds. Druntenkulon\r\n', '1', '', 0, NULL);
INSERT INTO `tb_user` VALUES (33, 'R30026', '123456an', 1, '2018-07-10 06:25:39', 1, 'ANI', 'Blok. Sambilampu Ds. Druntenkulon\r\n', '2', '', 0, NULL);
INSERT INTO `tb_user` VALUES (34, 'R30027', '123456am', 1, '2018-07-10 06:31:00', 1, 'AMINAH', 'Blok. Surabata Ds. Druntenwetan\r\n', '1', '', 0, NULL);
INSERT INTO `tb_user` VALUES (35, 'R30028', '123456cs', 1, '2018-07-10 06:32:11', 1, 'CASNIPAH', 'Blok. Kamplong Ds. Druntenwetan\r\n', '2', '', 0, NULL);
INSERT INTO `tb_user` VALUES (36, 'R30029', '123456st', 1, '2018-07-10 06:33:28', 1, 'SUTAPA', 'Blok. Tipar Ds. Tipar Kec. Kandanghaur\r\n', '1', '', 0, NULL);
INSERT INTO `tb_user` VALUES (37, 'R30030', '123456bm', 1, '2018-07-10 06:34:30', 1, 'BIMO', 'Blok. Tegalpelem Ds. Druntenkulon\r\n', '1', '', 0, NULL);
INSERT INTO `tb_user` VALUES (38, 'R30031', '123456rn', 1, '2018-07-10 06:35:39', 1, 'RANO', 'Blok. Karangasem Ds. Druntenwetan\r\n', '2', '', 0, NULL);
INSERT INTO `tb_user` VALUES (39, 'R30032', '123456su', 1, '2018-07-10 06:37:01', 1, 'SITI UMINAH', 'Blok. Balong Ds. Druntenwetan\r\n', '1', '', 0, NULL);
INSERT INTO `tb_user` VALUES (40, 'R30033', '123456aw', 1, '2018-07-10 06:38:08', 1, 'H. AWING', 'Blok. Karangasem Ds. Druntenwetan\r\n', '2', '', 0, NULL);
INSERT INTO `tb_user` VALUES (41, 'R30034', '123456st', 1, '2018-07-10 06:40:37', 1, 'SUTRISNO', 'Desa Bongas', '1', '', 0, NULL);
INSERT INTO `tb_user` VALUES (42, 'R30035', '123456ds', 1, '2018-07-10 06:41:57', 1, 'DADANG SYAFAAT', 'Blok. Samakrombeng Ds. Bongas', '1', '', 0, NULL);
INSERT INTO `tb_user` VALUES (43, 'R30036', '123456ly', 1, '2018-07-10 06:43:56', 1, 'LIYAH', 'Blok. Karangasem Ds, Druntenwetan', '2', '', 0, NULL);
INSERT INTO `tb_user` VALUES (44, 'R30037', '123456sn', 1, '2018-07-10 06:45:17', 1, 'SUNENTI', 'Blok. Surabata Ds. Druntenwetan\r\n', '2', '', 0, NULL);
INSERT INTO `tb_user` VALUES (45, 'R30038', '123456ja', 1, '2018-07-10 06:46:13', 1, 'JONO ASGAR', 'Blok. Karangasem Ds. Druntenwetan\r\n', '1', '', 0, NULL);
INSERT INTO `tb_user` VALUES (46, 'R30039', '123456jn', 1, '2018-07-10 06:47:03', 1, 'JAYA NILAM', 'Blok. Kamplong Ds. Druntenwetan\r\n', '1', '', 0, NULL);
INSERT INTO `tb_user` VALUES (47, 'R30040', '123456mb', 1, '2018-07-10 06:48:51', 1, 'MASJID BAITUSSALAM', 'Blok. Karangasem Ds. Druntenwetan\r\n', '1', '', 0, NULL);
INSERT INTO `tb_user` VALUES (48, 'R30041', '123456ms', 1, '2018-07-10 07:09:23', 1, 'MAMAN SETIAMAN', 'Blok. Pengodengan Ds. Wirakanan\r\n', '1', '', 0, NULL);
INSERT INTO `tb_user` VALUES (49, 'R30042', '123456rs', 1, '2018-07-10 07:10:26', 1, 'RASTONO', 'Blok. Asinan Ds. Gupit\r\n', '2', '', 0, NULL);
INSERT INTO `tb_user` VALUES (50, 'R30043', '123456rf', 1, '2018-07-10 07:19:55', 1, 'RUDI FIRMANSYAH', 'Blok. Sabrang wetan Bongas\r\n', '1', '', 0, NULL);
INSERT INTO `tb_user` VALUES (51, 'R30044', '123456ao', 1, '2018-07-10 07:20:59', 1, 'ADAM OFFSET', 'Blok. Kebuyut Ds. Bongas\r\n', '1', '', 0, NULL);
INSERT INTO `tb_user` VALUES (52, 'R30045', '123456fk', 1, '2018-07-10 07:25:44', 1, 'FAIKHA', 'Blok. Kamplong Ds. Druntenwetan\r\n', '1', '', 0, NULL);
INSERT INTO `tb_user` VALUES (53, 'R30046', '123456pd', 1, '2018-07-10 07:26:41', 1, 'PEMDES DRUNTEN KULON', 'Blok. Tegalpelem Ds. Druntenkulon\r\n', '2', '', 0, NULL);
INSERT INTO `tb_user` VALUES (54, 'R30047', '123456ag', 1, '2018-07-10 07:32:12', 1, 'AGUS', 'Blok. Kamplong Ds. Druntenwetan\r\n', '1', '', 0, NULL);
INSERT INTO `tb_user` VALUES (55, 'R30048', '123456ay', 1, '2018-07-10 07:33:20', 1, 'ERYATI', 'Blok. Kedungwaru Ds. Druntenwetan\r\n', '2', '', 0, NULL);
INSERT INTO `tb_user` VALUES (56, 'R30049', '123456rm', 1, '2018-07-10 07:37:40', 1, 'RAMEDI', 'Blok. Parean ilir Ds. Parean Ilir Kec. Kandanghaur\r\n', '3.5', '', 0, NULL);
INSERT INTO `tb_user` VALUES (57, 'R30050', '123456ae', 1, '2018-07-10 07:38:41', 1, 'ALFA-EXPRESS', 'Blok. Condong Ds. Gabuskulon\r\n', '2', '', 0, 16);
INSERT INTO `tb_user` VALUES (58, 'R30051', '123456ar', 1, '2018-07-10 07:39:36', 1, 'ARIF', 'Blok. Karangasem Ds. Druntenwetan\r\n', '1', '', 0, 16);
INSERT INTO `tb_user` VALUES (59, 'R30052', '123456hr', 1, '2018-07-10 07:46:22', 1, 'HARKOKO', 'Blok. Samakrombeng Ds. Bongas\r\n', '2', '', 0, 16);
INSERT INTO `tb_user` VALUES (60, 'R30053', '123456st', 1, '2018-07-10 07:52:00', 1, 'SUTANTO', 'Blok. Bongas\r\n', '2', '', 0, 16);
INSERT INTO `tb_user` VALUES (61, 'R30054', '123456as', 1, '2018-07-10 07:57:52', 1, 'ASLI', 'Blok. Curug Ds. Druntenwetan\r\n', '2', '', 0, NULL);
INSERT INTO `tb_user` VALUES (62, 'R30055', '123456in', 1, '2018-07-10 08:00:50', 1, 'INO', 'Blok. Karangasem Ds. Druntenwetan\r\n', '1', '', 0, NULL);
INSERT INTO `tb_user` VALUES (63, 'R30056', '123456nj', 1, '2018-07-10 08:04:08', 1, 'NURJANAH', 'Blok. Tundagan Ds. Margamulya Kec. Bongas\r\n', '1', '', 0, NULL);
INSERT INTO `tb_user` VALUES (64, 'R30057', '123456bc', 1, '2018-07-10 08:07:37', 1, 'BUNG CELL', 'Blok. Kedungwaru Ds. Druntenwetan\r\n', '1', '', 0, NULL);
INSERT INTO `tb_user` VALUES (65, 'R30058', '123456tw', 1, '2018-07-10 08:08:43', 1, 'TEDI WIJAYA', 'Blok. Bongas-Indramayu\r\n', '1', '', 0, NULL);
INSERT INTO `tb_user` VALUES (66, 'R30059', '123456em', 1, '2018-07-10 08:11:45', 1, 'ENDI MAULANA', 'Blok. Segeran Ds. Margamulya Kec. Bongas\r\n', '2', '', 0, NULL);
INSERT INTO `tb_user` VALUES (67, 'R30060', '123456mr', 1, '2018-07-10 08:12:36', 1, 'MURYADI', 'Blok. Kamplong Ds. Druntenwetan\r\n', '2', '', 0, NULL);
INSERT INTO `tb_user` VALUES (68, 'R30061', '123456RS', 1, '2018-07-10 08:13:44', 1, 'RASJA', 'Blok. Karangasem Ds. Druntenwetan\r\n', '2', '', 0, NULL);
INSERT INTO `tb_user` VALUES (69, 'R30062', '123456ks', 1, '2018-07-10 08:14:59', 1, 'KASINIH', 'Blok. Karangasem Ds. Druntenwetan\r\n', '2', '', 0, NULL);
INSERT INTO `tb_user` VALUES (70, 'R30063', '123456rs', 1, '2018-07-10 08:15:55', 1, 'RESTI', 'Bongas-Indramayu\r\n', '1', '', 0, NULL);
INSERT INTO `tb_user` VALUES (71, 'R30064', '123456vn', 1, '2018-07-10 08:19:15', 1, 'VIAN', 'Blok. Bojong Ds. Bojong KDH\r\n', '1', '', 0, NULL);
INSERT INTO `tb_user` VALUES (72, 'R30065', '123456an', 1, '2018-07-10 08:22:34', 1, 'ANIS', 'Blok. Tegalpelem Ds. Druntenkulon\r\n', '1', '', 0, NULL);
INSERT INTO `tb_user` VALUES (73, 'R30066', '123456ps', 1, '2018-07-10 08:24:14', 1, 'PUSKESMAS TEMIYANG', 'Blok. Temiyang Sari  Kec. Kroya\r\n', '5', '', 0, NULL);
INSERT INTO `tb_user` VALUES (74, 'R30067', '123456ns', 1, '2018-07-10 08:25:20', 1, 'NESIH', 'Blok. Kalikulon Ds. Druntenkulon\r\n', '2', '', 0, NULL);
INSERT INTO `tb_user` VALUES (75, 'R30068', '123456sm', 1, '2018-07-10 08:26:37', 1, 'SALMIN MAUNG', 'Blok. Tulang Kacang Bongas\r\n', '2', '', 0, NULL);
INSERT INTO `tb_user` VALUES (76, 'R30069', '123456fc', 1, '2018-07-10 08:29:47', 1, 'FRISCA CELL', 'Blok. Segeran Bongas\r\n', '1', '', 0, NULL);
INSERT INTO `tb_user` VALUES (77, 'R30070', '123456sr', 1, '2018-07-10 08:31:27', 1, 'IBU SRI TK ISLAM', 'Blok. Kamplong Ds. Druntenwetan\r\n', '2', '', 0, NULL);
INSERT INTO `tb_user` VALUES (78, 'R30071', '123456ns', 1, '2018-07-10 08:36:10', 1, 'NENGSIH SALON', 'Blok. Kamplong Ds. Druntenwetan\r\n', '1', '', 0, NULL);
INSERT INTO `tb_user` VALUES (79, 'R30072', '123456pj', 1, '2018-07-10 08:37:11', 1, 'PANJI', 'Blok. Karangasem Ds. Druntenwetan\r\n', '2', '', 0, NULL);
INSERT INTO `tb_user` VALUES (80, 'R30073', '123456en', 1, '2018-07-10 08:38:11', 1, 'ENDI', 'Blok. Ipik. Ds. Druntenkulon\r\n', '1', '', 0, NULL);
INSERT INTO `tb_user` VALUES (81, 'R30074', '123456sl', 1, '2018-07-10 08:39:01', 1, 'SULASTRI', 'Blok. Kamplong Ds. Druntenwetan\r\n', '1', '', 0, NULL);
INSERT INTO `tb_user` VALUES (82, 'R30075', '123456mk', 1, '2018-07-10 08:39:56', 1, 'MAKMURI', 'Blok. Kamplong Ds. Druntenwetan\r\n', '1', '', 0, NULL);
INSERT INTO `tb_user` VALUES (83, 'R30076', '123456wd', 1, '2018-07-10 09:00:06', 1, 'WADI', 'Blok. Sabrang wetan Bongas\r\n', '2', '', 0, NULL);
INSERT INTO `tb_user` VALUES (84, 'R30077', '123456nr', 1, '2018-07-10 09:01:07', 1, 'NURPAN', 'Blok. Sambilampu Ds. Druntenkulon\r\n', '1', '', 0, NULL);
INSERT INTO `tb_user` VALUES (85, 'R30078', '123456ls', 1, '2018-07-10 09:03:34', 1, 'LISTO', 'Blok. Segeran Bongas\r\n', '3', '', 0, NULL);
INSERT INTO `tb_user` VALUES (86, 'R30079', '123456dd', 1, '2018-07-10 09:05:58', 1, 'DIDI. H', 'Blok. Kebuyut Ds. Bongas\r\n', '1', '', 0, NULL);
INSERT INTO `tb_user` VALUES (87, 'R30080', '123456on', 1, '2018-07-10 09:06:49', 1, 'ONI', 'Blok. Kamplong Ds. Druntenwetan\r\n', '1', '', 0, NULL);
INSERT INTO `tb_user` VALUES (88, 'R30081', '123456ud', 1, '2018-07-10 09:08:30', 1, 'UDIN', 'Blok. Karangasem Ds. Druntenwetan\r\n', '1', '', 0, NULL);
INSERT INTO `tb_user` VALUES (89, 'R30082', '123456ad', 1, '2018-07-10 09:20:16', 1, 'ADAM OFFSET HOME', 'Blok. Jamban Ds. Bongas\r\n', '1', '', 0, NULL);
INSERT INTO `tb_user` VALUES (90, 'R30083', '123456ad', 1, '2018-07-10 09:21:37', 1, 'ADIN VJ.STUDIO', 'Blok. Segeran Bongas\r\n', '1', '', 0, NULL);
INSERT INTO `tb_user` VALUES (91, 'R30084', '123456la', 1, '2018-07-10 09:22:38', 1, 'LINA ANA', 'Blok. Gandu Sekarmulya Bongas\r\n', '2', '', 0, NULL);
INSERT INTO `tb_user` VALUES (92, 'R30085', '123456ta', 1, '2018-07-10 09:24:25', 1, 'TIA', 'Blok. Kalikulon Ds. Druntenkulon\r\n', '3', '', 0, NULL);
INSERT INTO `tb_user` VALUES (93, 'R30086', '123456', 1, '2018-07-10 09:26:21', 1, 'RUDI', 'Blok. Kamplong Ds. Druntenwetan\r\n', '2', '', 0, NULL);
INSERT INTO `tb_user` VALUES (94, 'R30087', '123456jb', 1, '2018-07-10 09:32:10', 1, 'Hj. JUBAEDAH', 'Blok. Kamplong Ds. Druntenwetan', '2', '', 0, NULL);
INSERT INTO `tb_user` VALUES (95, 'R30088', '123456', 1, '2018-07-10 09:33:06', 1, 'DHIFA', 'Blok. Sabrang wetan Bongas\r\n', '1', '', 0, NULL);
INSERT INTO `tb_user` VALUES (96, 'R30089', '123456sk', 1, '2018-07-10 09:34:05', 1, 'SARKAM', 'Blok. Bongas\r\n', '1', '', 0, NULL);
INSERT INTO `tb_user` VALUES (97, 'R30090', '123456', 1, '2018-07-10 09:34:58', 1, 'KARIMAH', 'Blok. Sambilampu Ds. Druntenkulon\r\n', '2', '', 0, NULL);
INSERT INTO `tb_user` VALUES (98, 'R30091', '123456dj', 1, '2018-07-10 09:39:03', 1, 'DIRJAN', 'Blok. Kibuyut Bongas\r\n', '2', '', 0, NULL);
INSERT INTO `tb_user` VALUES (99, 'R30092', '123456ud', 1, '2018-07-10 09:40:14', 1, 'UDIN DALIM', 'Blok. Karangasem Ds. Druntenwetan\r\n', '1', '', 0, NULL);
INSERT INTO `tb_user` VALUES (100, 'R30093', '123456st', 1, '2018-07-10 09:42:03', 1, 'SITI SARIAH UTARI', 'Blok. Kibuyut Bongas\r\n', '2', '', 0, NULL);
INSERT INTO `tb_user` VALUES (101, 'R30094', '123456np', 1, '2018-07-10 09:43:04', 1, 'NOPI', 'Blok. Kibuyut Bongas\r\n', '1', '', 0, NULL);
INSERT INTO `tb_user` VALUES (104, 'R30095', '123456if', 1, '2018-07-18 00:41:06', 1, 'IIS FATIMAH', 'Blok. Sabrang wetan Kec. Bongas Indramayu', '2', '', 0, NULL);
INSERT INTO `tb_user` VALUES (105, 'R30096', '123456cr', 1, '2018-07-18 01:41:54', 1, 'CAREM', 'Blok. Kedugnwaru Ds. Druntenwetan Gabuswetan', '2', '', 0, NULL);
INSERT INTO `tb_user` VALUES (106, 'R30097', '123456ks', 1, '2018-07-18 01:43:48', 1, 'KOSIM', 'Blok. Karangasem Pasar Ds. Dtuntenwetan', '1', '', 0, NULL);
INSERT INTO `tb_user` VALUES (107, 'R30098', '123456sp', 1, '2018-07-18 01:45:13', 1, 'SAPRUDIN', 'Blok. Margamulya Bongas', '1', '', 0, NULL);
INSERT INTO `tb_user` VALUES (108, 'R30099', '123456cs', 1, '2018-07-18 01:47:04', 1, 'CARSA', 'Blok. Jamban Ds. Kertajaya Bongas', '1', '', 0, NULL);
INSERT INTO `tb_user` VALUES (109, 'R30100', '123456dn', 1, '2018-07-18 01:49:23', 1, 'DINI', 'Blok. Kedungwaru Ds. Gabuskulon', '1.5', '', 0, NULL);
INSERT INTO `tb_user` VALUES (110, 'R30101', '123456sl', 1, '2018-07-18 01:50:47', 1, 'SHELLA', 'Blok. Kedungwaru Ds. Druntenwetan', '2', '', 0, NULL);
INSERT INTO `tb_user` VALUES (111, 'R30102', '123456wr', 1, '2018-07-18 01:52:10', 1, 'WIRSEM', 'Blok. Karangasem Ds. Druntenwetan', '1.5', '', 0, NULL);
INSERT INTO `tb_user` VALUES (112, 'R30103', '123456nn', 1, '2018-07-18 01:53:52', 1, 'NANO', 'Blok. Samakrombeng Ds. Sidamulya Bongas', '3', '', 0, NULL);
INSERT INTO `tb_user` VALUES (113, 'R30104', '123456sy', 1, '2018-07-18 01:55:17', 1, 'SUYATNO', 'Blok. Kedungwaru Ds. Gabuskulon', '1', '', 0, NULL);
INSERT INTO `tb_user` VALUES (114, 'R30105', '123456nb', 1, '2018-07-18 02:02:30', 1, 'NABILA', 'Blok. Segeran Ds. Sekarmulya', '2', '', 0, NULL);
INSERT INTO `tb_user` VALUES (115, 'R30106', '123456wh', 1, '2018-07-18 02:05:45', 1, 'WAHIDIN', 'Blok. Segeran Ds. Margamulya Bongas', '1', '', 0, NULL);
INSERT INTO `tb_user` VALUES (116, 'R30107', '123456st', 1, '2018-07-18 02:07:09', 1, 'SUTARIH', 'Blok. Gebangmampang Ds. Sekarmulya Bongas', '2', '', 0, NULL);
INSERT INTO `tb_user` VALUES (117, 'R30108', '123456am', 1, '2018-07-18 02:10:08', 1, 'AMANUDIN', 'Blok. Gebangmampang Ds. Sekarmulya Bongas', '2', '', 0, NULL);
INSERT INTO `tb_user` VALUES (118, 'R30109', '123456tt', 1, '2018-07-18 02:12:12', 1, 'TATI SUGIHARTI', 'Blok. Sambilampuh Ds. Druntenkulon', '1.5', '', 0, NULL);
INSERT INTO `tb_user` VALUES (119, 'R30110', '123456dr', 1, '2018-07-18 02:13:28', 1, 'DORI', 'Blok. Kepitu Ds. Sukareja', '2', '', 0, NULL);
INSERT INTO `tb_user` VALUES (120, 'R30111', '123456TT', 1, '2018-07-18 02:15:26', 1, 'TUTI', 'Blok. Kibuyut Ds. Sekarmulya Bongas', '1.5', '', 0, NULL);
INSERT INTO `tb_user` VALUES (121, 'R30112', '123456fa', 1, '2018-07-18 02:16:56', 1, 'FATHUR AZIS', 'Blok. Sabrangwetan Bongas', '2', '', 0, NULL);
INSERT INTO `tb_user` VALUES (122, 'R30113', '123456ds', 1, '2018-07-18 02:18:32', 1, 'DEDI SUHERMAN', 'Blok. Segeran Ds. Sekarmulya Kec. Bongas', '2', '', 0, NULL);
INSERT INTO `tb_user` VALUES (123, 'R30114', '123456ss', 1, '2018-07-18 02:19:44', 1, 'SISKA SETIA NINGRUM', 'Blok. Kibuyut Ds. Sekarmulya', '2', '', 0, NULL);
INSERT INTO `tb_user` VALUES (124, 'R30115', '123456wl', 1, '2018-07-18 02:20:52', 1, 'WALIYUDIN', 'Blok. Cipaat Bongas', '1.5', '', 0, NULL);
INSERT INTO `tb_user` VALUES (125, 'R30116', '123456tm', 1, '2018-07-18 02:22:29', 1, 'TAUFIQ MAULANA', 'Blok. Tipar Ds. Wirakanan Kec. Kandanghaur', '3.5', '', 0, NULL);
INSERT INTO `tb_user` VALUES (126, 'tugelsikile', 'cocacolacola1', 1, '2018-07-31 12:09:32', 55, 'Tugelsikile', 'Desa Drunten Wetan', NULL, '', 0, NULL);
INSERT INTO `tb_user` VALUES (127, 'adm1', 'adm1', 1, '2018-07-31 12:25:45', 55, 'Test Cabang', 'alamat', NULL, '', 0, NULL);
INSERT INTO `tb_user` VALUES (128, 'tugelsikile', 'cocacolacola1', 1, '2018-07-31 15:06:52', 55, 'Tugelsikile', 'asdads', NULL, '', 0, NULL);
INSERT INTO `tb_user` VALUES (129, 'tugelsikile', 'cocacolacola1', 1, '2018-07-31 15:07:19', 55, 'Tugelsikile', 'asd', NULL, '', 0, NULL);
INSERT INTO `tb_user` VALUES (130, 'tugelsikile', 'cocacolacola1', 1, '2018-07-31 15:13:44', 55, 'Tugelsikile', 'xxasdasd', NULL, '', 0, NULL);
INSERT INTO `tb_user` VALUES (133, 'asdasd', 'asdasd', 1, '2018-08-01 12:08:34', 1, 'adsd', 'asdasd', '1', '', 0, NULL);
INSERT INTO `tb_user` VALUES (134, 'ddasd', 'adasd', 1, '2018-08-01 12:10:03', 1, 'dassdd', 'asdasd', '4', '', 0, NULL);
INSERT INTO `tb_user` VALUES (135, 'adada', 'dadad', 1, '2018-08-01 12:12:56', 1, 'dadad', 'asdad', '3', '', 0, NULL);
INSERT INTO `tb_user` VALUES (138, 'asdasd', '1', 1, '2018-08-01 12:15:07', 1, 'sadasd', '4441', '13', '', 0, 16);
INSERT INTO `tb_user` VALUES (139, 'asd12', '1', 1, '2018-08-01 12:19:49', 1, 'embuh kanah', 'asdads', '123', '', 0, 16);
INSERT INTO `tb_user` VALUES (140, 'dodo', '1', 1, '2018-08-29 07:15:21', 1, 'Dodi Suprayogi', 'Desa Kertawinangun\r\nRT. 07/02 Kec. Kandanghaur', '10', '', 0, NULL);
INSERT INTO `tb_user` VALUES (142, 'Roam', '2', 1, '2018-08-29 08:46:41', 1, 'Maman Sukirman', 'Desa Kertawinangun\r\nRT. 07/02 Kec. Kandanghaur', '3', '', 0, NULL);

SET FOREIGN_KEY_CHECKS = 1;
